,sector,factor
0,agri.,2.66106745
1,transportation,0.19158387
2,retail,0.46555789
3,manufac.,0.48965096
