,sector,factor
0,agri.,1.9000286
1,cons.,0.08607318
2,transportation,0.33898756
3,retail,0.58610606
